{"cameraMode":{"drawMode":0,"name":"Shaded","section":"Shading Mode"},"sceneLighting":true,"audioPlay":false,"sceneViewState":{"showFog":true,"showMaterialUpdate":false,"showSkybox":true,"showFlares":true,"showImageEffects":true,"showParticleSystems":true},"in2DMode":false,"pivot":{"x":27.126346588134767,"y":-20.78101348876953,"z":17.842529296875},"rotation":{"x":-0.21983978152275086,"y":-0.6526385545730591,"z":0.20639990270137788,"w":-0.695097804069519},"size":37.26988983154297,"orthographic":false}