{"cameraMode":{"drawMode":0,"name":"Shaded","section":"Shading Mode"},"sceneLighting":true,"audioPlay":false,"sceneViewState":{"showFog":true,"showMaterialUpdate":false,"showSkybox":true,"showFlares":true,"showImageEffects":true,"showParticleSystems":true},"in2DMode":false,"pivot":{"x":0.8559999465942383,"y":1.1180000305175782,"z":1.1670000553131104},"rotation":{"x":0.29797592759132388,"y":0.15009020268917085,"z":-0.04667156562209129,"w":0.9417725801467896},"size":21.21343994140625,"orthographic":false}