{"cameraMode":{"drawMode":0,"name":"Shaded","section":"Shading Mode"},"sceneLighting":true,"audioPlay":false,"sceneViewState":{"showFog":true,"showMaterialUpdate":false,"showSkybox":true,"showFlares":true,"showImageEffects":true,"showParticleSystems":true},"in2DMode":false,"pivot":{"x":4.834293365478516,"y":-9.617966651916504,"z":18.738786697387697},"rotation":{"x":0.13181671500205995,"y":-0.7516143321990967,"z":0.15811024606227876,"w":0.6268250346183777},"size":21.469173431396486,"orthographic":false}