{"cameraMode":{"drawMode":0,"name":"Shaded","section":"Shading Mode"},"sceneLighting":false,"audioPlay":false,"sceneViewState":{"showFog":true,"showMaterialUpdate":false,"showSkybox":false,"showFlares":true,"showImageEffects":true,"showParticleSystems":true},"in2DMode":false,"pivot":{"x":-1.7347198724746705,"y":16.978221893310548,"z":29.04775047302246},"rotation":{"x":0.013780764304101467,"y":-0.03418159857392311,"z":0.0011865998385474086,"w":0.9995400309562683},"size":17.645118713378908,"orthographic":false}