{"cameraMode":{"drawMode":0,"name":"Shaded","section":"Shading Mode"},"sceneLighting":true,"audioPlay":false,"sceneViewState":{"showFog":true,"showMaterialUpdate":false,"showSkybox":true,"showFlares":true,"showImageEffects":true,"showParticleSystems":true},"in2DMode":false,"pivot":{"x":39.63999938964844,"y":0.859375,"z":38.09700012207031},"rotation":{"x":0.3200685977935791,"y":0.007400821894407272,"z":-0.002496432512998581,"w":0.9473695755004883},"size":7.794007301330566,"orthographic":false}