{"cameraMode":{"drawMode":0,"name":"Shaded","section":"Shading Mode"},"sceneLighting":false,"audioPlay":false,"sceneViewState":{"showFog":true,"showMaterialUpdate":false,"showSkybox":false,"showFlares":true,"showImageEffects":true,"showParticleSystems":true},"in2DMode":false,"pivot":{"x":-175.8253173828125,"y":-130.76779174804688,"z":3.292872428894043},"rotation":{"x":-0.18246756494045258,"y":0.7070209383964539,"z":-0.19901230931282044,"w":-0.6540499925613403},"size":186.8818359375,"orthographic":false}