{"cameraMode":{"drawMode":0,"name":"Shaded","section":"Shading Mode"},"sceneLighting":false,"audioPlay":false,"sceneViewState":{"showFog":true,"showMaterialUpdate":false,"showSkybox":false,"showFlares":true,"showImageEffects":true,"showParticleSystems":true},"in2DMode":false,"pivot":{"x":51.099998474121097,"y":2.8389997482299806,"z":45.25699996948242},"rotation":{"x":0.23885953426361085,"y":0.07468196004629135,"z":-0.017698993906378747,"w":0.9682424664497376},"size":10.607072830200196,"orthographic":false}