{"cameraMode":{"drawMode":0,"name":"Shaded","section":"Shading Mode"},"sceneLighting":false,"audioPlay":false,"sceneViewState":{"showFog":true,"showMaterialUpdate":false,"showSkybox":false,"showFlares":true,"showImageEffects":true,"showParticleSystems":true},"in2DMode":false,"pivot":{"x":-16.93263816833496,"y":-5.293752670288086,"z":-8.189793586730957},"rotation":{"x":-0.07231953740119934,"y":0.8403342962265015,"z":-0.1174173578619957,"w":-0.5246452689170837},"size":11.80495834350586,"orthographic":false}